{"cameraMode":{"drawMode":0,"name":"Shaded","section":"Shading Mode"},"sceneLighting":true,"audioPlay":false,"sceneViewState":{"showFog":true,"showMaterialUpdate":false,"showSkybox":true,"showFlares":true,"showImageEffects":true,"showParticleSystems":true},"in2DMode":false,"pivot":{"x":-0.4064013659954071,"y":6.75841320685322e-8,"z":-0.566936731338501},"rotation":{"x":-0.07095914334058762,"y":0.9227573871612549,"z":0.205961212515831,"w":0.31792089343070986},"size":71.02857971191406,"orthographic":true}